RF-OEX_LSA_train,RF-OEX_LSA_test,RF-OEX_NLP_train,RF-OEX_NLP_test
9837_train_n,11869_test_n,2687_train_n,6257_test_p
8669_train_p,4615_test_n,6086_train_p,1599_test_p
247_train_p,11180_test_n,12243_train_n,2237_test_p
6953_train_n,1973_test_p,9826_train_p,1895_test_p
5946_train_n,6681_test_n,7624_train_n,9909_test_p
196_train_n,3452_test_p,1404_train_n,5675_test_p
709_train_p,6378_test_p,9958_train_n,3754_test_p
4963_train_p,8917_test_p,11842_train_p,1639_test_p
7521_train_p,4067_test_p,8669_train_p,7397_test_p
264_train_n,4234_test_n,10789_train_n,1520_test_n
10850_train_n,6294_test_n,2309_train_p,3816_test_p
9023_train_p,3936_test_n,2969_train_n,6348_test_p
2697_train_p,7460_test_n,4098_train_p,3820_test_p
8337_train_n,2666_test_p,5169_train_p,5834_test_p
6_train_p,2976_test_n,7681_train_p,12196_test_n
8227_train_p,2237_test_p,2056_train_p,8428_test_p
9429_train_p,357_test_p,7468_train_n,10088_test_p
5581_train_n,2729_test_p,10618_train_p,7804_test_n
882_train_p,2282_test_n,6136_train_n,7207_test_p
2672_train_p,9486_test_n,757_train_p,7052_test_n
1542_train_p,8530_test_p,11474_train_p,6080_test_n
1888_train_n,2075_test_p,2995_train_n,5758_test_p
12294_train_p,3630_test_n,4819_train_p,5943_test_p
12089_train_n,10712_test_n,6088_train_p,4367_test_n
4903_train_p,9999_test_p,11899_train_p,5187_test_p
4314_train_n,6944_test_p,9681_train_n,3931_test_n
11799_train_p,11930_test_p,12142_train_p,2976_test_n
8263_train_n,143_test_n,6085_train_n,7573_test_p
10625_train_n,9368_test_n,4017_train_p,3122_test_n
4169_train_p,11343_test_n,8365_train_n,11407_test_n
9344_train_n,2232_test_n,4615_train_p,742_test_p
11586_train_n,4078_test_p,12045_train_n,6728_test_p
9673_train_p,3505_test_p,2934_train_n,11244_test_p
5809_train_n,11680_test_n,2911_train_n,8071_test_p
7365_train_n,115_test_n,144_train_p,7802_test_n
2969_train_n,5947_test_n,5234_train_n,2580_test_n
3250_train_n,5099_test_n,4876_train_p,7881_test_p
10715_train_n,12431_test_n,4087_train_p,8530_test_p
5028_train_n,11819_test_n,9476_train_n,11991_test_p
4418_train_p,2884_test_p,4292_train_n,11554_test_n
11512_train_n,6503_test_p,5947_train_n,1973_test_p
4435_train_p,3487_test_n,6356_train_p,5500_test_n
4270_train_p,9687_test_n,3454_train_p,5381_test_n
9893_train_p,152_test_n,10816_train_n,9854_test_n
6242_train_n,4533_test_p,2702_train_p,4391_test_p
10572_train_n,7802_test_n,6341_train_n,8753_test_n
2310_train_p,4783_test_n,10164_train_n,5761_test_n
2999_train_p,2406_test_p,10942_train_p,5947_test_n
10513_train_p,9909_test_p,6239_train_p,9964_test_p
7220_train_p,11112_test_p,11981_train_n,10069_test_p
1617_train_p,3798_test_p,2307_train_p,357_test_p
10311_train_n,6764_test_n,8373_train_p,119_test_n
6239_train_p,8941_test_n,7860_train_p,11183_test_n
11549_train_p,10273_test_n,6056_train_n,9492_test_p
2545_train_p,10088_test_p,8337_train_n,3533_test_n
9369_train_n,9986_test_n,5805_train_n,9333_test_n
5092_train_n,3527_test_p,11832_train_n,4078_test_p
3126_train_p,4763_test_n,8662_train_p,624_test_n
4233_train_p,7397_test_p,8562_train_n,11289_test_p
6055_train_p,1144_test_p,7936_train_p,6126_test_p
4808_train_n,10138_test_p,12352_train_p,12430_test_p
1684_train_p,4341_test_n,11507_train_n,9201_test_n
6709_train_n,5696_test_p,7539_train_p,12296_test_n
5396_train_n,8706_test_p,290_train_p,8705_test_n
985_train_p,10829_test_p,3775_train_n,1248_test_n
9307_train_n,7297_test_p,1759_train_n,6995_test_n
2183_train_n,2091_test_n,7693_train_p,28_test_n
8966_train_p,2051_test_p,9899_train_n,11600_test_n
6085_train_n,9947_test_n,10555_train_p,4660_test_n
6000_train_p,270_test_n,2228_train_p,12034_test_p
8130_train_n,6004_test_p,429_train_n,8771_test_p
10146_train_p,11468_test_n,8211_train_n,3591_test_p
2289_train_p,3765_test_n,7384_train_p,1894_test_n
10746_train_n,11966_test_p,9044_train_p,878_test_n
3757_train_p,831_test_p,2625_train_p,2379_test_n
7132_train_n,7644_test_n,5958_train_n,3804_test_n
5251_train_p,1532_test_p,443_train_n,2110_test_p
9563_train_n,12447_test_p,4661_train_p,6303_test_n
8952_train_n,6103_test_n,10426_train_p,4472_test_n
3367_train_n,11991_test_p,11057_train_n,8645_test_p
9433_train_n,5639_test_p,7104_train_n,10788_test_n
1901_train_p,4438_test_n,5102_train_p,1377_test_n
10256_train_p,6236_test_n,826_train_n,3515_test_p
541_train_n,12246_test_n,6956_train_n,9495_test_n
4993_train_n,7973_test_n,4769_train_p,11282_test_n
3877_train_p,3515_test_p,1765_train_p,11019_test_n
3357_train_p,2144_test_p,7220_train_p,9096_test_n
11140_train_n,5749_test_n,7293_train_p,9198_test_p
3994_train_p,7289_test_n,6765_train_p,98_test_n
5328_train_p,6530_test_n,3098_train_p,6294_test_n
8471_train_p,3187_test_n,8018_train_p,6502_test_n
10973_train_n,5068_test_n,11292_train_n,2956_test_p
12265_train_p,6544_test_p,247_train_p,6774_test_n
9825_train_n,898_test_n,7839_train_n,5248_test_n
10085_train_p,1126_test_n,9976_train_n,152_test_n
11057_train_n,3720_test_n,2697_train_p,3529_test_n
170_train_n,11289_test_p,3322_train_n,9591_test_n
9486_train_n,4065_test_n,6425_train_n,2837_test_n
6650_train_p,12296_test_n,2595_train_n,7355_test_n
6445_train_n,11656_test_p,161_train_n,9704_test_p
